lsoa_code,borough,major_category,minor_category,value,year,month
E01000323,Barnet,Violence Against the Person,Assault with Injury,1,2010,1
E01002594,Hounslow,Violence Against the Person,Assault with Injury,0,2015,1
E01001832,Hackney,Violence Against the Person,Assault with Injury,0,2009,1
E01003686,Redbridge,Violence Against the Person,Assault with Injury,1,2011,1
E01003770,Redbridge,Violence Against the Person,Assault with Injury,6,2015,1
E01001512,Enfield,Violence Against the Person,Assault with Injury,1,2012,1
E01002511,Hillingdon,Violence Against the Person,Assault with Injury,1,2008,1
E01003362,Merton,Violence Against the Person,Assault with Injury,0,2008,2
E01001204,Ealing,Violence Against the Person,Assault with Injury,1,2010,2
E01004017,Southwark,Violence Against the Person,Assault with Injury,0,2008,3
E01001560,Enfield,Violence Against the Person,Assault with Injury,0,2015,3
E01001455,Enfield,Violence Against the Person,Assault with Injury,0,2009,3
E01033735,Greenwich,Violence Against the Person,Assault with Injury,0,2010,3
E01003644,Redbridge,Violence Against the Person,Assault with Injury,0,2012,3
E01002322,Havering,Violence Against the Person,Assault with Injury,1,2014,3
E01002690,Hounslow,Violence Against the Person,Assault with Injury,0,2009,4
E01002361,Havering,Violence Against the Person,Assault with Injury,5,2012,5
E01000790,Bromley,Violence Against the Person,Assault with Injury,3,2011,5
E01002288,Havering,Violence Against the Person,Assault with Injury,0,2011,5
E01003634,Newham,Violence Against the Person,Assault with Injury,0,2013,5
E01002343,Havering,Violence Against the Person,Assault with Injury,0,2015,6
E01002657,Hounslow,Violence Against the Person,Assault with Injury,1,2014,8
E01002709,Islington,Violence Against the Person,Assault with Injury,0,2008,8
E01000182,Barnet,Violence Against the Person,Assault with Injury,0,2011,9
E01003924,Southwark,Violence Against the Person,Assault with Injury,1,2010,9
E01000499,Brent,Violence Against the Person,Assault with Injury,0,2008,10
E01002779,Islington,Violence Against the Person,Assault with Injury,0,2011,10
E01001834,Hackney,Violence Against the Person,Assault with Injury,2,2012,10
E01002663,Hounslow,Violence Against the Person,Assault with Injury,1,2016,10
E01003558,Newham,Violence Against the Person,Assault with Injury,2,2008,11
E01001206,Ealing,Violence Against the Person,Assault with Injury,1,2013,11
E01002267,Havering,Violence Against the Person,Assault with Injury,0,2015,11
E01001456,Enfield,Violence Against the Person,Assault with Injury,0,2014,12
E01002708,Islington,Violence Against the Person,Assault with Injury,6,2011,12
E01004619,Wandsworth,Violence Against the Person,Assault with Injury,0,2012,12
E01001553,Enfield,Violence Against the Person,Assault with Injury,0,2009,12
E01003617,Newham,Burglary,Burglary in Other Buildings,4,2008,1
E01001811,Hackney,Burglary,Burglary in Other Buildings,0,2009,1
E01001551,Enfield,Burglary,Burglary in Other Buildings,0,2012,1
E01001277,Ealing,Burglary,Burglary in Other Buildings,0,2010,1
E01000705,Bromley,Burglary,Burglary in Other Buildings,0,2011,1
E01004529,Wandsworth,Burglary,Burglary in Other Buildings,2,2010,1
E01004563,Wandsworth,Burglary,Burglary in Other Buildings,0,2009,1
E01000907,Camden,Burglary,Burglary in Other Buildings,0,2009,2
E01002651,Hounslow,Burglary,Burglary in Other Buildings,0,2016,2
E01003625,Newham,Burglary,Burglary in Other Buildings,0,2016,2
E01003320,Lewisham,Burglary,Burglary in Other Buildings,0,2014,2
E01004219,Tower Hamlets,Burglary,Burglary in Other Buildings,0,2016,2
E01000340,Bexley,Burglary,Burglary in Other Buildings,0,2014,3
E01001495,Enfield,Burglary,Burglary in Other Buildings,0,2012,3
E01000185,Barnet,Burglary,Burglary in Other Buildings,0,2008,3
E01002504,Hillingdon,Burglary,Burglary in Other Buildings,3,2013,4
E01002836,Kensington and Chelsea,Burglary,Burglary in Other Buildings,0,2013,4
E01001538,Enfield,Burglary,Burglary in Other Buildings,0,2010,4
E01001283,Ealing,Burglary,Burglary in Other Buildings,0,2016,4
E01004514,Wandsworth,Burglary,Burglary in Other Buildings,2,2015,5
E01000759,Bromley,Burglary,Burglary in Other Buildings,2,2012,6
E01003890,Richmond upon Thames,Burglary,Burglary in Other Buildings,0,2009,6
E01001388,Ealing,Burglary,Burglary in Other Buildings,1,2014,6
E01002097,Haringey,Burglary,Burglary in Other Buildings,0,2008,6
E01004118,Sutton,Burglary,Burglary in Other Buildings,0,2015,7
E01002227,Harrow,Burglary,Burglary in Other Buildings,1,2012,7
E01002318,Havering,Burglary,Burglary in Other Buildings,2,2008,7
E01001414,Enfield,Burglary,Burglary in Other Buildings,0,2008,8
E01000794,Bromley,Burglary,Burglary in Other Buildings,0,2010,8
E01000653,Bromley,Burglary,Burglary in Other Buildings,0,2011,8
E01002824,Kensington and Chelsea,Burglary,Burglary in Other Buildings,0,2008,9
E01003355,Merton,Burglary,Burglary in Other Buildings,1,2012,9
E01002584,Hounslow,Burglary,Burglary in Other Buildings,0,2014,9
E01004555,Wandsworth,Burglary,Burglary in Other Buildings,1,2011,9
E01004454,Waltham Forest,Burglary,Burglary in Other Buildings,0,2009,9
E01003671,Redbridge,Burglary,Burglary in Other Buildings,0,2011,10
E01001982,Haringey,Burglary,Burglary in Other Buildings,2,2012,10
E01004757,Westminster,Burglary,Burglary in Other Buildings,0,2016,11
E01001352,Ealing,Burglary,Burglary in Other Buildings,0,2013,11
E01002998,Kingston upon Thames,Burglary,Burglary in Other Buildings,0,2012,12
E01000050,Barking and Dagenham,Burglary,Burglary in a Dwelling,2,2009,1
E01003254,Lewisham,Burglary,Burglary in a Dwelling,3,2012,3
E01000115,Barnet,Burglary,Burglary in a Dwelling,0,2008,3
E01000699,Bromley,Burglary,Burglary in a Dwelling,0,2010,3
E01002546,Hillingdon,Burglary,Burglary in a Dwelling,1,2012,3
E01004151,Sutton,Burglary,Burglary in a Dwelling,0,2011,3
E01032770,Tower Hamlets,Burglary,Burglary in a Dwelling,0,2009,3
E01000759,Bromley,Burglary,Burglary in a Dwelling,0,2014,3
E01002018,Haringey,Burglary,Burglary in a Dwelling,0,2008,3
E01004340,Waltham Forest,Burglary,Burglary in a Dwelling,0,2016,4
E01003108,Lambeth,Burglary,Burglary in a Dwelling,0,2008,4
E01003719,Redbridge,Burglary,Burglary in a Dwelling,0,2016,4
E01002420,Hillingdon,Burglary,Burglary in a Dwelling,1,2009,5
E01002516,Hillingdon,Burglary,Burglary in a Dwelling,0,2009,5
E01001567,Enfield,Burglary,Burglary in a Dwelling,2,2014,5
E01001217,Ealing,Burglary,Burglary in a Dwelling,1,2015,5
E01001759,Hackney,Burglary,Burglary in a Dwelling,0,2013,5
E01033738,Greenwich,Burglary,Burglary in a Dwelling,0,2016,6
E01002268,Havering,Burglary,Burglary in a Dwelling,0,2011,6
E01004033,Southwark,Burglary,Burglary in a Dwelling,0,2009,6
E01001514,Enfield,Burglary,Burglary in a Dwelling,1,2013,6
E01004065,Southwark,Burglary,Burglary in a Dwelling,1,2015,7
E01002925,Kingston upon Thames,Burglary,Burglary in a Dwelling,1,2014,7
E01002167,Harrow,Burglary,Burglary in a Dwelling,2,2014,7
E01003204,Lewisham,Burglary,Burglary in a Dwelling,0,2015,8
E01000811,Bromley,Burglary,Burglary in a Dwelling,0,2014,8
E01000250,Barnet,Burglary,Burglary in a Dwelling,1,2009,8
E01003034,Lambeth,Burglary,Burglary in a Dwelling,0,2014,9
E01002767,Islington,Burglary,Burglary in a Dwelling,0,2013,9
E01032765,Tower Hamlets,Burglary,Burglary in a Dwelling,0,2014,9
E01002074,Haringey,Burglary,Burglary in a Dwelling,4,2008,10
E01002300,Havering,Burglary,Burglary in a Dwelling,1,2014,10
E01002814,Kensington and Chelsea,Burglary,Burglary in a Dwelling,5,2010,10
E01002869,Kensington and Chelsea,Burglary,Burglary in a Dwelling,1,2010,11
E01001995,Haringey,Burglary,Burglary in a Dwelling,0,2011,11
E01002518,Hillingdon,Burglary,Burglary in a Dwelling,0,2013,11
E01000625,Brent,Burglary,Burglary in a Dwelling,2,2010,12
E01000901,Camden,Robbery,Business Property,0,2010,1
E01002733,Islington,Robbery,Business Property,0,2013,1
E01000525,Brent,Robbery,Business Property,0,2010,1
E01003775,Redbridge,Robbery,Business Property,0,2013,2
E01000703,Bromley,Robbery,Business Property,0,2010,2
E01000906,Camden,Robbery,Business Property,0,2009,3
E01001937,Hammersmith and Fulham,Robbery,Business Property,0,2012,3
E01000338,Bexley,Robbery,Business Property,0,2015,3
E01003271,Lewisham,Robbery,Business Property,0,2008,3
E01002883,Kensington and Chelsea,Robbery,Business Property,0,2010,4
E01003008,Kingston upon Thames,Robbery,Business Property,0,2010,6
E01001262,Ealing,Robbery,Business Property,0,2009,6
E01003476,Merton,Robbery,Business Property,0,2016,6
E01001006,Croydon,Robbery,Business Property,0,2008,7
E01000290,Barnet,Robbery,Business Property,0,2014,7
E01001933,Hammersmith and Fulham,Robbery,Business Property,0,2014,8
E01003104,Lambeth,Robbery,Business Property,0,2015,8
E01001764,Hackney,Robbery,Business Property,0,2011,8
E01000975,Croydon,Robbery,Business Property,0,2015,8
E01001361,Ealing,Robbery,Business Property,0,2010,9
E01001043,Croydon,Robbery,Business Property,1,2010,9
E01032579,Lewisham,Robbery,Business Property,0,2013,10
E01003335,Lewisham,Robbery,Business Property,0,2010,10
E01004407,Waltham Forest,Robbery,Business Property,0,2014,10
E01001340,Ealing,Robbery,Business Property,1,2012,11
E01001150,Croydon,Robbery,Business Property,0,2009,11
E01001518,Enfield,Violence Against the Person,Common Assault,1,2014,1
E01002032,Haringey,Violence Against the Person,Common Assault,1,2011,1
E01003336,Lewisham,Violence Against the Person,Common Assault,1,2016,1
E01002440,Hillingdon,Violence Against the Person,Common Assault,2,2015,1
E01003542,Newham,Violence Against the Person,Common Assault,2,2013,1
E01002885,Kensington and Chelsea,Violence Against the Person,Common Assault,0,2010,1
E01001002,Croydon,Violence Against the Person,Common Assault,0,2010,2
E01004044,Southwark,Violence Against the Person,Common Assault,0,2010,2
E01002306,Havering,Violence Against the Person,Common Assault,2,2016,2
E01001234,Ealing,Violence Against the Person,Common Assault,2,2008,3
E01004393,Waltham Forest,Violence Against the Person,Common Assault,1,2012,3
E01002288,Havering,Violence Against the Person,Common Assault,0,2008,3
E01000217,Barnet,Violence Against the Person,Common Assault,0,2011,4
E01001595,Greenwich,Violence Against the Person,Common Assault,0,2011,4
E01001066,Croydon,Violence Against the Person,Common Assault,2,2016,5
E01004359,Waltham Forest,Violence Against the Person,Common Assault,3,2011,5
E01003636,Newham,Violence Against the Person,Common Assault,5,2010,5
E01002566,Hounslow,Violence Against the Person,Common Assault,2,2015,6
E01004082,Sutton,Violence Against the Person,Common Assault,0,2010,6
E01002961,Kingston upon Thames,Violence Against the Person,Common Assault,1,2015,7
E01003479,Newham,Violence Against the Person,Common Assault,0,2012,7
E01003148,Lambeth,Violence Against the Person,Common Assault,0,2014,7
E01001048,Croydon,Violence Against the Person,Common Assault,1,2010,7
E01003426,Merton,Violence Against the Person,Common Assault,1,2010,8
E01002766,Islington,Violence Against the Person,Common Assault,2,2008,8
E01000568,Brent,Violence Against the Person,Common Assault,7,2015,8
E01001738,Hackney,Violence Against the Person,Common Assault,0,2016,8
E01001174,Croydon,Violence Against the Person,Common Assault,0,2008,9
E01003676,Redbridge,Violence Against the Person,Common Assault,0,2009,9
E01003203,Lewisham,Violence Against the Person,Common Assault,1,2012,10
E01002764,Islington,Violence Against the Person,Common Assault,1,2012,10
E01000255,Barnet,Violence Against the Person,Common Assault,0,2009,10
E01002710,Islington,Violence Against the Person,Common Assault,2,2009,10
E01000232,Barnet,Violence Against the Person,Common Assault,1,2008,10
E01001113,Croydon,Violence Against the Person,Common Assault,0,2012,11
E01001176,Croydon,Violence Against the Person,Common Assault,0,2010,11
E01000757,Bromley,Violence Against the Person,Common Assault,0,2011,11
E01000478,Brent,Violence Against the Person,Common Assault,0,2008,12
E01003987,Southwark,Fraud or Forgery,Counted per Victim,0,2015,1
E01000788,Bromley,Fraud or Forgery,Counted per Victim,1,2008,2
E01000775,Bromley,Fraud or Forgery,Counted per Victim,0,2010,2
E01001513,Enfield,Fraud or Forgery,Counted per Victim,0,2008,2
E01000984,Croydon,Fraud or Forgery,Counted per Victim,0,2011,3
E01003063,Lambeth,Fraud or Forgery,Counted per Victim,0,2012,11
E01001150,Croydon,Fraud or Forgery,Counted per Victim,0,2015,11
E01003339,Lewisham,Fraud or Forgery,Counted per Victim,0,2008,11
E01001816,Hackney,Fraud or Forgery,Counted per Victim,0,2014,11
E01001613,Greenwich,Fraud or Forgery,Counted per Victim,0,2008,12
E01002660,Hounslow,Criminal Damage,Criminal Damage To Dwelling,0,2011,1
E01002368,Havering,Criminal Damage,Criminal Damage To Dwelling,0,2010,1
E01000528,Brent,Criminal Damage,Criminal Damage To Dwelling,0,2009,1
E01033493,Islington,Criminal Damage,Criminal Damage To Dwelling,0,2016,1
E01001094,Croydon,Criminal Damage,Criminal Damage To Dwelling,0,2015,3
E01004710,Westminster,Criminal Damage,Criminal Damage To Dwelling,0,2014,3
E01003052,Lambeth,Criminal Damage,Criminal Damage To Dwelling,1,2008,3
E01002806,Islington,Criminal Damage,Criminal Damage To Dwelling,0,2009,3
E01001524,Enfield,Criminal Damage,Criminal Damage To Dwelling,0,2008,3
E01002628,Hounslow,Criminal Damage,Criminal Damage To Dwelling,0,2010,4
E01003039,Lambeth,Criminal Damage,Criminal Damage To Dwelling,0,2014,4
E01002777,Islington,Criminal Damage,Criminal Damage To Dwelling,2,2010,5
E01000450,Bexley,Criminal Damage,Criminal Damage To Dwelling,0,2012,5
E01001070,Croydon,Criminal Damage,Criminal Damage To Dwelling,0,2010,5
E01001690,Greenwich,Criminal Damage,Criminal Damage To Dwelling,0,2009,6
E01002232,Harrow,Criminal Damage,Criminal Damage To Dwelling,0,2011,6
E01003132,Lambeth,Criminal Damage,Criminal Damage To Dwelling,0,2013,6
E01003022,Lambeth,Criminal Damage,Criminal Damage To Dwelling,1,2012,6
E01004046,Southwark,Criminal Damage,Criminal Damage To Dwelling,0,2008,7
E01000756,Bromley,Criminal Damage,Criminal Damage To Dwelling,0,2009,7
E01004262,Tower Hamlets,Criminal Damage,Criminal Damage To Dwelling,0,2008,7
E01000698,Bromley,Criminal Damage,Criminal Damage To Dwelling,0,2008,8
E01003641,Redbridge,Criminal Damage,Criminal Damage To Dwelling,0,2013,8
E01002151,Harrow,Criminal Damage,Criminal Damage To Dwelling,0,2008,8
E01033570,Richmond upon Thames,Criminal Damage,Criminal Damage To Dwelling,0,2010,8
E01001319,Ealing,Criminal Damage,Criminal Damage To Dwelling,0,2008,8
E01003013,Lambeth,Criminal Damage,Criminal Damage To Dwelling,0,2011,9
E01001143,Croydon,Criminal Damage,Criminal Damage To Dwelling,0,2016,9
E01003787,Redbridge,Criminal Damage,Criminal Damage To Dwelling,0,2010,10
E01001417,Enfield,Criminal Damage,Criminal Damage To Dwelling,0,2015,10
E01000576,Brent,Criminal Damage,Criminal Damage To Dwelling,0,2011,10
E01002396,Hillingdon,Criminal Damage,Criminal Damage To Dwelling,0,2016,11
E01000602,Brent,Criminal Damage,Criminal Damage To Dwelling,0,2009,11
E01002690,Hounslow,Criminal Damage,Criminal Damage To Dwelling,0,2015,11
E01003851,Richmond upon Thames,Criminal Damage,Criminal Damage To Dwelling,0,2008,12
E01000101,Barking and Dagenham,Criminal Damage,Criminal Damage To Dwelling,0,2012,12
E01004594,Wandsworth,Criminal Damage,Criminal Damage To Dwelling,0,2013,12
E01004416,Waltham Forest,Criminal Damage,Criminal Damage To Dwelling,0,2011,12
E01002375,Havering,Criminal Damage,Criminal Damage To Dwelling,0,2009,12
E01000503,Brent,Criminal Damage,Criminal Damage To Dwelling,1,2014,12
E01002598,Hounslow,Criminal Damage,Criminal Damage To Motor Vehicle,0,2009,1
E01000679,Bromley,Criminal Damage,Criminal Damage To Motor Vehicle,0,2009,1
E01001234,Ealing,Criminal Damage,Criminal Damage To Motor Vehicle,0,2014,3
E01001672,Greenwich,Criminal Damage,Criminal Damage To Motor Vehicle,0,2012,3
E01002469,Hillingdon,Criminal Damage,Criminal Damage To Motor Vehicle,0,2015,3
E01001106,Croydon,Criminal Damage,Criminal Damage To Motor Vehicle,0,2014,3
E01002095,Haringey,Criminal Damage,Criminal Damage To Motor Vehicle,4,2011,4
E01003901,Richmond upon Thames,Criminal Damage,Criminal Damage To Motor Vehicle,1,2016,4
E01001164,Croydon,Criminal Damage,Criminal Damage To Motor Vehicle,0,2016,5
E01032637,Southwark,Criminal Damage,Criminal Damage To Motor Vehicle,0,2008,5
E01004149,Sutton,Criminal Damage,Criminal Damage To Motor Vehicle,1,2010,5
E01003874,Richmond upon Thames,Criminal Damage,Criminal Damage To Motor Vehicle,0,2012,6
E01002857,Kensington and Chelsea,Criminal Damage,Criminal Damage To Motor Vehicle,1,2009,6
E01003230,Lewisham,Criminal Damage,Criminal Damage To Motor Vehicle,2,2010,6
E01002250,Havering,Criminal Damage,Criminal Damage To Motor Vehicle,0,2016,6
E01004595,Wandsworth,Criminal Damage,Criminal Damage To Motor Vehicle,0,2008,6
E01000679,Bromley,Criminal Damage,Criminal Damage To Motor Vehicle,0,2011,6
E01001551,Enfield,Criminal Damage,Criminal Damage To Motor Vehicle,0,2015,7
E01002157,Harrow,Criminal Damage,Criminal Damage To Motor Vehicle,0,2011,7
E01001028,Croydon,Criminal Damage,Criminal Damage To Motor Vehicle,0,2009,7
E01003024,Lambeth,Criminal Damage,Criminal Damage To Motor Vehicle,0,2009,7
E01001785,Hackney,Criminal Damage,Criminal Damage To Motor Vehicle,0,2015,8
E01000032,Barking and Dagenham,Criminal Damage,Criminal Damage To Motor Vehicle,1,2008,8
E01033725,Hillingdon,Criminal Damage,Criminal Damage To Motor Vehicle,1,2012,8
E01003958,Southwark,Criminal Damage,Criminal Damage To Motor Vehicle,2,2011,9
E01002716,Islington,Criminal Damage,Criminal Damage To Motor Vehicle,0,2014,9
E01004000,Southwark,Criminal Damage,Criminal Damage To Motor Vehicle,3,2014,9
E01002495,Hillingdon,Criminal Damage,Criminal Damage To Motor Vehicle,0,2014,9
E01004403,Waltham Forest,Criminal Damage,Criminal Damage To Motor Vehicle,1,2012,9
E01000533,Brent,Criminal Damage,Criminal Damage To Motor Vehicle,0,2013,10
E01001846,Hackney,Criminal Damage,Criminal Damage To Motor Vehicle,0,2013,10
E01003032,Lambeth,Criminal Damage,Criminal Damage To Motor Vehicle,0,2011,11
E01004737,Westminster,Criminal Damage,Criminal Damage To Motor Vehicle,1,2014,12
E01002060,Haringey,Criminal Damage,Criminal Damage To Motor Vehicle,0,2013,12
E01001261,Ealing,Criminal Damage,Criminal Damage To Motor Vehicle,1,2010,12
E01004636,Wandsworth,Criminal Damage,Criminal Damage To Motor Vehicle,0,2016,12
E01003098,Lambeth,Criminal Damage,Criminal Damage To Other Building,0,2008,1
E01002439,Hillingdon,Criminal Damage,Criminal Damage To Other Building,0,2009,1
E01000891,Camden,Criminal Damage,Criminal Damage To Other Building,0,2008,1
E01002758,Islington,Criminal Damage,Criminal Damage To Other Building,0,2011,1
E01003109,Lambeth,Criminal Damage,Criminal Damage To Other Building,0,2012,1
E01000098,Barking and Dagenham,Criminal Damage,Criminal Damage To Other Building,0,2012,1
E01001365,Ealing,Criminal Damage,Criminal Damage To Other Building,0,2008,2
E01004690,Westminster,Criminal Damage,Criminal Damage To Other Building,0,2013,2
E01002053,Haringey,Criminal Damage,Criminal Damage To Other Building,0,2008,3
E01004035,Southwark,Criminal Damage,Criminal Damage To Other Building,0,2012,3
E01003267,Lewisham,Criminal Damage,Criminal Damage To Other Building,0,2010,3
E01004483,Wandsworth,Criminal Damage,Criminal Damage To Other Building,0,2012,3
E01001458,Enfield,Criminal Damage,Criminal Damage To Other Building,0,2011,3
E01000693,Bromley,Criminal Damage,Criminal Damage To Other Building,0,2009,4
E01004653,Westminster,Criminal Damage,Criminal Damage To Other Building,0,2010,4
E01002419,Hillingdon,Criminal Damage,Criminal Damage To Other Building,0,2010,4
E01001671,Greenwich,Criminal Damage,Criminal Damage To Other Building,0,2016,5
E01001071,Croydon,Criminal Damage,Criminal Damage To Other Building,1,2015,5
E01004168,Sutton,Criminal Damage,Criminal Damage To Other Building,0,2014,5
E01001540,Enfield,Criminal Damage,Criminal Damage To Other Building,0,2013,6
E01004669,Westminster,Criminal Damage,Criminal Damage To Other Building,0,2008,6
E01004618,Wandsworth,Criminal Damage,Criminal Damage To Other Building,0,2013,6
E01004050,Southwark,Criminal Damage,Criminal Damage To Other Building,0,2015,7
E01003771,Redbridge,Criminal Damage,Criminal Damage To Other Building,0,2013,7
E01000015,Barking and Dagenham,Criminal Damage,Criminal Damage To Other Building,0,2015,7
E01002535,Hillingdon,Criminal Damage,Criminal Damage To Other Building,0,2015,7
E01004414,Waltham Forest,Criminal Damage,Criminal Damage To Other Building,0,2016,8
E01003977,Southwark,Criminal Damage,Criminal Damage To Other Building,1,2008,8
E01000508,Brent,Criminal Damage,Criminal Damage To Other Building,0,2015,8
E01002902,Kensington and Chelsea,Criminal Damage,Criminal Damage To Other Building,0,2012,9
E01004556,Wandsworth,Criminal Damage,Criminal Damage To Other Building,0,2009,10
E01002820,Kensington and Chelsea,Criminal Damage,Criminal Damage To Other Building,0,2013,11
E01033578,Newham,Criminal Damage,Criminal Damage To Other Building,0,2008,11
E01002951,Kingston upon Thames,Criminal Damage,Criminal Damage To Other Building,0,2011,11
E01000606,Brent,Criminal Damage,Criminal Damage To Other Building,0,2016,12
E01003156,Lambeth,Criminal Damage,Criminal Damage To Other Building,0,2013,12
E01003158,Lambeth,Criminal Damage,Criminal Damage To Other Building,0,2010,12
E01001278,Ealing,Criminal Damage,Criminal Damage To Other Building,0,2016,12
E01002490,Hillingdon,Criminal Damage,Criminal Damage To Other Building,0,2016,12
E01003248,Lewisham,Drugs,Drug Trafficking,0,2012,1
E01002304,Havering,Drugs,Drug Trafficking,0,2008,1
E01000077,Barking and Dagenham,Drugs,Drug Trafficking,1,2010,1
E01003310,Lewisham,Drugs,Drug Trafficking,0,2011,2
E01002854,Kensington and Chelsea,Drugs,Drug Trafficking,0,2015,2
E01003354,Lewisham,Drugs,Drug Trafficking,0,2008,2
E01002920,Kingston upon Thames,Drugs,Drug Trafficking,0,2010,2
E01003117,Lambeth,Drugs,Drug Trafficking,0,2013,2
E01003855,Richmond upon Thames,Drugs,Drug Trafficking,0,2008,3
E01004649,Westminster,Drugs,Drug Trafficking,0,2011,3
E01002552,Hillingdon,Drugs,Drug Trafficking,0,2015,3
E01000365,Bexley,Drugs,Drug Trafficking,0,2008,4
E01003021,Lambeth,Drugs,Drug Trafficking,1,2012,4
E01000235,Barnet,Drugs,Drug Trafficking,0,2011,5
E01001210,Ealing,Drugs,Drug Trafficking,0,2015,6
E01001706,Greenwich,Drugs,Drug Trafficking,0,2015,7
E01002206,Harrow,Drugs,Drug Trafficking,0,2008,7
E01003837,Richmond upon Thames,Drugs,Drug Trafficking,0,2010,7
E01004632,Wandsworth,Drugs,Drug Trafficking,0,2015,7
E01001782,Hackney,Drugs,Drug Trafficking,0,2011,7
E01003581,Newham,Drugs,Drug Trafficking,0,2015,8
E01003099,Lambeth,Drugs,Drug Trafficking,0,2013,8
E01000594,Brent,Drugs,Drug Trafficking,0,2014,9
E01003822,Richmond upon Thames,Drugs,Drug Trafficking,0,2012,9
E01001386,Ealing,Drugs,Drug Trafficking,0,2010,9
E01004252,Tower Hamlets,Drugs,Drug Trafficking,0,2012,9
E01002532,Hillingdon,Drugs,Drug Trafficking,0,2009,9
E01001422,Enfield,Drugs,Drug Trafficking,0,2011,10
E01000011,Barking and Dagenham,Drugs,Drug Trafficking,0,2013,10
E01000652,Bromley,Drugs,Drug Trafficking,0,2016,10
E01003254,Lewisham,Drugs,Drug Trafficking,0,2008,11
E01001546,Enfield,Drugs,Drug Trafficking,0,2015,12
E01003251,Lewisham,Other Notifiable Offences,Going Equipped,0,2013,2
E01002562,Hounslow,Other Notifiable Offences,Going Equipped,0,2014,2
E01004485,Wandsworth,Other Notifiable Offences,Going Equipped,0,2012,2
E01004551,Wandsworth,Other Notifiable Offences,Going Equipped,0,2009,2
E01002379,Havering,Other Notifiable Offences,Going Equipped,0,2012,2
E01002482,Hillingdon,Other Notifiable Offences,Going Equipped,0,2008,3
E01001495,Enfield,Other Notifiable Offences,Going Equipped,0,2016,4
E01001283,Ealing,Other Notifiable Offences,Going Equipped,0,2009,4
E01002877,Kensington and Chelsea,Other Notifiable Offences,Going Equipped,0,2008,4
E01001753,Hackney,Other Notifiable Offences,Going Equipped,0,2011,5
E01001829,Hackney,Other Notifiable Offences,Going Equipped,0,2011,5
E01000163,Barnet,Other Notifiable Offences,Going Equipped,0,2011,6
E01002721,Islington,Other Notifiable Offences,Going Equipped,0,2009,6
E01004539,Wandsworth,Other Notifiable Offences,Going Equipped,0,2009,6
E01002105,Haringey,Other Notifiable Offences,Going Equipped,0,2010,7
E01002681,Hounslow,Other Notifiable Offences,Going Equipped,0,2008,7
E01004763,Westminster,Other Notifiable Offences,Going Equipped,0,2009,8
E01004687,Westminster,Other Notifiable Offences,Going Equipped,0,2014,9
E01003041,Lambeth,Other Notifiable Offences,Going Equipped,0,2011,10
E01001548,Enfield,Other Notifiable Offences,Going Equipped,0,2010,10
E01004281,Tower Hamlets,Other Notifiable Offences,Going Equipped,0,2013,11
E01002555,Hounslow,Other Notifiable Offences,Going Equipped,0,2013,12
E01003079,Lambeth,Theft and Handling,Handling Stolen Goods,0,2014,1
E01004106,Sutton,Theft and Handling,Handling Stolen Goods,0,2009,1
E01004581,Wandsworth,Theft and Handling,Handling Stolen Goods,0,2008,2
E01001185,Croydon,Theft and Handling,Handling Stolen Goods,0,2015,2
E01004062,Southwark,Theft and Handling,Handling Stolen Goods,0,2009,2
E01004690,Westminster,Theft and Handling,Handling Stolen Goods,0,2010,2
E01001982,Haringey,Theft and Handling,Handling Stolen Goods,0,2016,3
E01004323,Tower Hamlets,Theft and Handling,Handling Stolen Goods,0,2014,3
E01000242,Barnet,Theft and Handling,Handling Stolen Goods,0,2016,3
E01000056,Barking and Dagenham,Theft and Handling,Handling Stolen Goods,0,2015,3
E01004659,Westminster,Theft and Handling,Handling Stolen Goods,0,2010,3
E01004027,Southwark,Theft and Handling,Handling Stolen Goods,0,2013,3
E01004559,Wandsworth,Theft and Handling,Handling Stolen Goods,0,2008,3
E01002755,Islington,Theft and Handling,Handling Stolen Goods,0,2014,3
E01004652,Westminster,Theft and Handling,Handling Stolen Goods,0,2011,4
E01001834,Hackney,Theft and Handling,Handling Stolen Goods,0,2009,4
E01000053,Barking and Dagenham,Theft and Handling,Handling Stolen Goods,0,2009,4
E01002198,Harrow,Theft and Handling,Handling Stolen Goods,0,2015,5
E01001491,Enfield,Theft and Handling,Handling Stolen Goods,0,2009,5
E01001928,Hammersmith and Fulham,Theft and Handling,Handling Stolen Goods,0,2013,5
E01003157,Lambeth,Theft and Handling,Handling Stolen Goods,0,2014,5
E01004650,Westminster,Theft and Handling,Handling Stolen Goods,0,2012,6
E01000524,Brent,Theft and Handling,Handling Stolen Goods,0,2011,6
E01004467,Waltham Forest,Theft and Handling,Handling Stolen Goods,0,2015,7
E01002805,Islington,Theft and Handling,Handling Stolen Goods,0,2016,7
E01000369,Bexley,Theft and Handling,Handling Stolen Goods,0,2011,8
E01001645,Greenwich,Theft and Handling,Handling Stolen Goods,1,2008,8
E01000640,Brent,Theft and Handling,Handling Stolen Goods,0,2010,8
E01002826,Kensington and Chelsea,Theft and Handling,Handling Stolen Goods,0,2008,9
E01033733,Greenwich,Theft and Handling,Handling Stolen Goods,0,2014,11
E01003057,Lambeth,Theft and Handling,Handling Stolen Goods,0,2012,11
E01003095,Lambeth,Theft and Handling,Handling Stolen Goods,0,2011,12
E01002290,Havering,Theft and Handling,Handling Stolen Goods,0,2009,12
E01002722,Islington,Theft and Handling,Handling Stolen Goods,0,2011,12
E01002240,Harrow,Violence Against the Person,Harassment,0,2012,1
E01000244,Barnet,Violence Against the Person,Harassment,2,2009,1
E01000854,Camden,Violence Against the Person,Harassment,3,2013,2
E01003181,Lambeth,Violence Against the Person,Harassment,0,2015,2
E01000780,Bromley,Violence Against the Person,Harassment,0,2013,3
E01001930,Hammersmith and Fulham,Violence Against the Person,Harassment,0,2008,3
E01002203,Harrow,Violence Against the Person,Harassment,0,2014,4
E01001289,Ealing,Violence Against the Person,Harassment,0,2010,4
E01001749,Hackney,Violence Against the Person,Harassment,2,2008,4
E01001103,Croydon,Violence Against the Person,Harassment,1,2014,4
E01001342,Ealing,Violence Against the Person,Harassment,0,2009,5
E01001768,Hackney,Violence Against the Person,Harassment,0,2011,5
E01003994,Southwark,Violence Against the Person,Harassment,4,2016,5
E01000126,Barnet,Violence Against the Person,Harassment,1,2009,5
E01003148,Lambeth,Violence Against the Person,Harassment,0,2009,5
E01002594,Hounslow,Violence Against the Person,Harassment,2,2013,6
E01003704,Redbridge,Violence Against the Person,Harassment,1,2011,6
E01000735,Bromley,Violence Against the Person,Harassment,1,2015,6
E01003255,Lewisham,Violence Against the Person,Harassment,2,2010,7
E01001869,Hammersmith and Fulham,Violence Against the Person,Harassment,2,2010,7
E01003609,Newham,Violence Against the Person,Harassment,5,2015,7
E01003936,Southwark,Violence Against the Person,Harassment,0,2014,8
E01004498,Wandsworth,Violence Against the Person,Harassment,0,2014,8
E01003767,Redbridge,Violence Against the Person,Harassment,6,2016,8
E01004312,Tower Hamlets,Violence Against the Person,Harassment,0,2009,8
E01004584,Wandsworth,Violence Against the Person,Harassment,0,2013,9
E01002237,Harrow,Violence Against the Person,Harassment,0,2008,10
E01002292,Havering,Violence Against the Person,Harassment,0,2009,11
E01003665,Redbridge,Violence Against the Person,Harassment,0,2009,11
E01003296,Lewisham,Violence Against the Person,Harassment,2,2012,11
E01032579,Lewisham,Violence Against the Person,Harassment,3,2016,11
E01004042,Southwark,Violence Against the Person,Harassment,1,2013,11
E01001920,Hammersmith and Fulham,Violence Against the Person,Harassment,1,2013,12
E01004560,Wandsworth,Violence Against the Person,Harassment,0,2012,12
E01004654,Westminster,Violence Against the Person,Harassment,0,2014,12
E01002743,Islington,Theft and Handling,Motor Vehicle Interference & Tampering,0,2016,1
E01003446,Merton,Theft and Handling,Motor Vehicle Interference & Tampering,0,2009,1
E01002827,Kensington and Chelsea,Theft and Handling,Motor Vehicle Interference & Tampering,0,2013,1
E01001359,Ealing,Theft and Handling,Motor Vehicle Interference & Tampering,0,2016,1
E01004346,Waltham Forest,Theft and Handling,Motor Vehicle Interference & Tampering,0,2011,1
E01002359,Havering,Theft and Handling,Motor Vehicle Interference & Tampering,0,2010,1
E01000879,Camden,Theft and Handling,Motor Vehicle Interference & Tampering,0,2008,1
E01001892,Hammersmith and Fulham,Theft and Handling,Motor Vehicle Interference & Tampering,0,2016,2
E01004362,Waltham Forest,Theft and Handling,Motor Vehicle Interference & Tampering,0,2008,2
E01003604,Newham,Theft and Handling,Motor Vehicle Interference & Tampering,1,2012,3
E01002280,Havering,Theft and Handling,Motor Vehicle Interference & Tampering,0,2014,3
E01000473,Brent,Theft and Handling,Motor Vehicle Interference & Tampering,0,2010,3
E01002335,Havering,Theft and Handling,Motor Vehicle Interference & Tampering,1,2011,3
E01001424,Enfield,Theft and Handling,Motor Vehicle Interference & Tampering,0,2011,3
E01004206,Tower Hamlets,Theft and Handling,Motor Vehicle Interference & Tampering,0,2008,3
E01004532,Wandsworth,Theft and Handling,Motor Vehicle Interference & Tampering,0,2016,4
E01003090,Lambeth,Theft and Handling,Motor Vehicle Interference & Tampering,0,2009,4
E01001717,Hackney,Theft and Handling,Motor Vehicle Interference & Tampering,0,2013,4
E01004531,Wandsworth,Theft and Handling,Motor Vehicle Interference & Tampering,0,2009,5
E01032777,Tower Hamlets,Theft and Handling,Motor Vehicle Interference & Tampering,0,2014,5
E01003375,Merton,Theft and Handling,Motor Vehicle Interference & Tampering,0,2013,5
E01002427,Hillingdon,Theft and Handling,Motor Vehicle Interference & Tampering,0,2015,6
E01001757,Hackney,Theft and Handling,Motor Vehicle Interference & Tampering,0,2010,7
E01001575,Greenwich,Theft and Handling,Motor Vehicle Interference & Tampering,0,2011,7
E01001162,Croydon,Theft and Handling,Motor Vehicle Interference & Tampering,0,2009,7
E01003554,Newham,Theft and Handling,Motor Vehicle Interference & Tampering,0,2011,7
E01002301,Havering,Theft and Handling,Motor Vehicle Interference & Tampering,0,2011,7
E01000636,Brent,Theft and Handling,Motor Vehicle Interference & Tampering,0,2013,7
E01004059,Southwark,Theft and Handling,Motor Vehicle Interference & Tampering,1,2014,8
E01001489,Enfield,Theft and Handling,Motor Vehicle Interference & Tampering,0,2009,8
E01002593,Hounslow,Theft and Handling,Motor Vehicle Interference & Tampering,0,2009,8
E01000990,Croydon,Theft and Handling,Motor Vehicle Interference & Tampering,0,2012,8
E01000219,Barnet,Theft and Handling,Motor Vehicle Interference & Tampering,0,2012,8
E01004244,Tower Hamlets,Theft and Handling,Motor Vehicle Interference & Tampering,0,2013,8
E01032779,Tower Hamlets,Theft and Handling,Motor Vehicle Interference & Tampering,0,2013,9
E01001109,Croydon,Theft and Handling,Motor Vehicle Interference & Tampering,0,2008,9
E01001187,Croydon,Theft and Handling,Motor Vehicle Interference & Tampering,2,2014,9
E01003023,Lambeth,Theft and Handling,Motor Vehicle Interference & Tampering,0,2010,11
E01002753,Islington,Theft and Handling,Motor Vehicle Interference & Tampering,0,2014,11
E01032576,Harrow,Theft and Handling,Motor Vehicle Interference & Tampering,0,2014,11
E01003761,Redbridge,Theft and Handling,Motor Vehicle Interference & Tampering,0,2014,11
E01001919,Hammersmith and Fulham,Theft and Handling,Motor Vehicle Interference & Tampering,0,2008,12
E01004020,Southwark,Theft and Handling,Motor Vehicle Interference & Tampering,0,2010,12
E01002842,Kensington and Chelsea,Theft and Handling,Motor Vehicle Interference & Tampering,0,2014,12
E01002361,Havering,Violence Against the Person,Murder,0,2009,2
E01001136,Croydon,Violence Against the Person,Murder,0,2015,3
E01004405,Waltham Forest,Violence Against the Person,Murder,0,2014,3
E01001008,Croydon,Violence Against the Person,Murder,0,2014,3
E01002638,Hounslow,Violence Against the Person,Murder,0,2015,5
E01001645,Greenwich,Violence Against the Person,Murder,0,2014,6
E01033726,Greenwich,Violence Against the Person,Murder,0,2011,9
E01002414,Hillingdon,Violence Against the Person,Murder,0,2014,10
E01003278,Lewisham,Violence Against the Person,Murder,0,2013,11
E01004536,Wandsworth,Violence Against the Person,Offensive Weapon,0,2012,1
E01002249,Havering,Violence Against the Person,Offensive Weapon,0,2012,1
E01003251,Lewisham,Violence Against the Person,Offensive Weapon,0,2016,1
E01001180,Croydon,Violence Against the Person,Offensive Weapon,0,2016,2
E01003224,Lewisham,Violence Against the Person,Offensive Weapon,0,2010,2
E01002475,Hillingdon,Violence Against the Person,Offensive Weapon,0,2014,2
E01002886,Kensington and Chelsea,Violence Against the Person,Offensive Weapon,0,2008,3
E01000525,Brent,Violence Against the Person,Offensive Weapon,0,2009,3
E01000648,Bromley,Violence Against the Person,Offensive Weapon,0,2015,3
E01032778,Tower Hamlets,Violence Against the Person,Offensive Weapon,0,2016,4
E01004646,Westminster,Violence Against the Person,Offensive Weapon,0,2014,4
E01002563,Hounslow,Violence Against the Person,Offensive Weapon,0,2012,5
E01002834,Kensington and Chelsea,Violence Against the Person,Offensive Weapon,0,2012,5
E01003788,Redbridge,Violence Against the Person,Offensive Weapon,0,2016,5
E01001873,Hammersmith and Fulham,Violence Against the Person,Offensive Weapon,0,2014,5
E01003330,Lewisham,Violence Against the Person,Offensive Weapon,0,2009,5
E01000922,Camden,Violence Against the Person,Offensive Weapon,0,2011,5
E01003566,Newham,Violence Against the Person,Offensive Weapon,0,2016,6
E01000199,Barnet,Violence Against the Person,Offensive Weapon,0,2010,6
E01003345,Lewisham,Violence Against the Person,Offensive Weapon,0,2012,6
E01002420,Hillingdon,Violence Against the Person,Offensive Weapon,0,2013,6
E01001819,Hackney,Violence Against the Person,Offensive Weapon,0,2015,6
E01003008,Kingston upon Thames,Violence Against the Person,Offensive Weapon,0,2013,6
E01004636,Wandsworth,Violence Against the Person,Offensive Weapon,0,2014,6
E01001315,Ealing,Violence Against the Person,Offensive Weapon,0,2008,6
E01004731,Westminster,Violence Against the Person,Offensive Weapon,2,2008,7
E01003334,Lewisham,Violence Against the Person,Offensive Weapon,0,2012,7
E01003735,Redbridge,Violence Against the Person,Offensive Weapon,0,2012,7
E01001825,Hackney,Violence Against the Person,Offensive Weapon,0,2015,7
E01000590,Brent,Violence Against the Person,Offensive Weapon,0,2009,8
E01000994,Croydon,Violence Against the Person,Offensive Weapon,0,2013,8
E01001103,Croydon,Violence Against the Person,Offensive Weapon,0,2014,8
E01002186,Harrow,Violence Against the Person,Offensive Weapon,0,2010,8
E01002549,Hillingdon,Violence Against the Person,Offensive Weapon,0,2014,9
E01004274,Tower Hamlets,Violence Against the Person,Offensive Weapon,0,2010,9
E01001412,Enfield,Violence Against the Person,Offensive Weapon,0,2012,9
E01000335,Bexley,Violence Against the Person,Offensive Weapon,1,2011,9
E01033084,Hounslow,Violence Against the Person,Offensive Weapon,0,2016,10
E01002815,Kensington and Chelsea,Violence Against the Person,Offensive Weapon,0,2016,10
E01001016,Croydon,Violence Against the Person,Offensive Weapon,0,2011,10
E01000051,Barking and Dagenham,Violence Against the Person,Offensive Weapon,0,2013,10
E01004238,Tower Hamlets,Violence Against the Person,Offensive Weapon,0,2014,11
E01002712,Islington,Violence Against the Person,Offensive Weapon,0,2008,11
E01000823,Bromley,Violence Against the Person,Offensive Weapon,0,2010,11
E01000671,Bromley,Violence Against the Person,Offensive Weapon,0,2009,11
E01004557,Wandsworth,Violence Against the Person,Offensive Weapon,0,2015,11
E01003174,Lambeth,Violence Against the Person,Offensive Weapon,0,2008,12
E01001198,Ealing,Violence Against the Person,Offensive Weapon,0,2009,12
E01002969,Kingston upon Thames,Criminal Damage,Other Criminal Damage,0,2016,1
E01000687,Bromley,Criminal Damage,Other Criminal Damage,0,2015,2
E01004365,Waltham Forest,Criminal Damage,Other Criminal Damage,3,2016,2
E01003278,Lewisham,Criminal Damage,Other Criminal Damage,1,2010,2
E01003526,Newham,Criminal Damage,Other Criminal Damage,0,2016,2
E01001835,Hackney,Criminal Damage,Other Criminal Damage,0,2015,2
E01033493,Islington,Criminal Damage,Other Criminal Damage,0,2010,3
E01004375,Waltham Forest,Criminal Damage,Other Criminal Damage,0,2008,3
E01004374,Waltham Forest,Criminal Damage,Other Criminal Damage,0,2010,3
E01000028,Barking and Dagenham,Criminal Damage,Other Criminal Damage,0,2014,3
E01002027,Haringey,Criminal Damage,Other Criminal Damage,0,2011,3
E01004616,Wandsworth,Criminal Damage,Other Criminal Damage,0,2015,4
E01000391,Bexley,Criminal Damage,Other Criminal Damage,1,2014,4
E01003057,Lambeth,Criminal Damage,Other Criminal Damage,0,2010,4
E01000699,Bromley,Criminal Damage,Other Criminal Damage,1,2013,5
E01000035,Barking and Dagenham,Criminal Damage,Other Criminal Damage,0,2012,5
E01000479,Brent,Criminal Damage,Other Criminal Damage,0,2013,5
E01001453,Enfield,Criminal Damage,Other Criminal Damage,0,2013,6
E01004507,Wandsworth,Criminal Damage,Other Criminal Damage,0,2011,7
E01001566,Enfield,Criminal Damage,Other Criminal Damage,0,2008,7
E01003666,Redbridge,Criminal Damage,Other Criminal Damage,0,2011,8
E01002368,Havering,Criminal Damage,Other Criminal Damage,0,2012,8
E01001124,Croydon,Criminal Damage,Other Criminal Damage,0,2009,8
E01003730,Redbridge,Criminal Damage,Other Criminal Damage,0,2011,8
E01002640,Hounslow,Criminal Damage,Other Criminal Damage,0,2011,9
E01003422,Merton,Criminal Damage,Other Criminal Damage,0,2016,9
E01001806,Hackney,Criminal Damage,Other Criminal Damage,0,2009,10
E01003909,Richmond upon Thames,Criminal Damage,Other Criminal Damage,0,2011,10
E01000193,Barnet,Criminal Damage,Other Criminal Damage,0,2010,10
E01002199,Harrow,Criminal Damage,Other Criminal Damage,0,2015,10
E01000456,Bexley,Criminal Damage,Other Criminal Damage,0,2016,11
E01004058,Southwark,Criminal Damage,Other Criminal Damage,0,2014,11
E01001471,Enfield,Criminal Damage,Other Criminal Damage,0,2012,11
E01033153,Waltham Forest,Criminal Damage,Other Criminal Damage,0,2010,11
E01003487,Newham,Criminal Damage,Other Criminal Damage,1,2010,11
E01001365,Ealing,Criminal Damage,Other Criminal Damage,0,2011,12
E01001763,Hackney,Criminal Damage,Other Criminal Damage,0,2012,12
E01000931,Camden,Criminal Damage,Other Criminal Damage,1,2008,12
E01003123,Lambeth,Drugs,Other Drugs,0,2011,1
E01001631,Greenwich,Drugs,Other Drugs,0,2015,2
E01001482,Enfield,Drugs,Other Drugs,0,2010,2
E01000309,Barnet,Drugs,Other Drugs,1,2010,6
E01004765,Westminster,Drugs,Other Drugs,0,2016,7
E01004013,Southwark,Drugs,Other Drugs,0,2013,7
E01003967,Southwark,Drugs,Other Drugs,0,2012,9
E01001458,Enfield,Drugs,Other Drugs,0,2009,9
E01001427,Enfield,Drugs,Other Drugs,0,2011,10
E01002011,Haringey,Fraud or Forgery,Other Fraud & Forgery,0,2016,3
E01004020,Southwark,Fraud or Forgery,Other Fraud & Forgery,0,2012,3
E01001847,Hackney,Fraud or Forgery,Other Fraud & Forgery,0,2009,6
E01001591,Greenwich,Fraud or Forgery,Other Fraud & Forgery,0,2014,7
E01004565,Wandsworth,Fraud or Forgery,Other Fraud & Forgery,0,2008,8
E01003347,Lewisham,Fraud or Forgery,Other Fraud & Forgery,0,2014,10
E01004731,Westminster,Fraud or Forgery,Other Fraud & Forgery,0,2016,11
E01001532,Enfield,Fraud or Forgery,Other Fraud & Forgery,0,2010,12
E01002511,Hillingdon,Other Notifiable Offences,Other Notifiable,0,2016,1
E01001715,Hackney,Other Notifiable Offences,Other Notifiable,0,2013,2
E01004272,Tower Hamlets,Other Notifiable Offences,Other Notifiable,0,2015,2
E01003166,Lambeth,Other Notifiable Offences,Other Notifiable,0,2008,2
E01004051,Southwark,Other Notifiable Offences,Other Notifiable,1,2012,3
E01000812,Bromley,Other Notifiable Offences,Other Notifiable,0,2012,3
E01003544,Newham,Other Notifiable Offences,Other Notifiable,1,2016,4
E01000164,Barnet,Other Notifiable Offences,Other Notifiable,0,2008,4
E01003506,Newham,Other Notifiable Offences,Other Notifiable,0,2015,5
E01001522,Enfield,Other Notifiable Offences,Other Notifiable,0,2014,5
E01000904,Camden,Other Notifiable Offences,Other Notifiable,0,2011,5
E01003492,Newham,Other Notifiable Offences,Other Notifiable,0,2012,5
E01003183,Lambeth,Other Notifiable Offences,Other Notifiable,1,2008,5
E01002277,Havering,Other Notifiable Offences,Other Notifiable,0,2010,5
E01000015,Barking and Dagenham,Other Notifiable Offences,Other Notifiable,1,2008,5
E01004531,Wandsworth,Other Notifiable Offences,Other Notifiable,0,2011,6
E01001866,Hammersmith and Fulham,Other Notifiable Offences,Other Notifiable,0,2010,6
E01002618,Hounslow,Other Notifiable Offences,Other Notifiable,1,2013,6
E01004008,Southwark,Other Notifiable Offences,Other Notifiable,0,2011,6
E01000730,Bromley,Other Notifiable Offences,Other Notifiable,0,2016,7
E01001202,Ealing,Other Notifiable Offences,Other Notifiable,1,2016,7
E01003544,Newham,Other Notifiable Offences,Other Notifiable,1,2012,7
E01001452,Enfield,Other Notifiable Offences,Other Notifiable,0,2013,8
E01001116,Croydon,Other Notifiable Offences,Other Notifiable,0,2012,8
E01003922,Southwark,Other Notifiable Offences,Other Notifiable,0,2011,9
E01000474,Brent,Other Notifiable Offences,Other Notifiable,0,2009,9
E01002033,Haringey,Other Notifiable Offences,Other Notifiable,0,2016,9
E01001356,Ealing,Other Notifiable Offences,Other Notifiable,0,2010,10
E01001572,Greenwich,Other Notifiable Offences,Other Notifiable,0,2014,10
E01001209,Ealing,Other Notifiable Offences,Other Notifiable,0,2016,10
E01002802,Islington,Other Notifiable Offences,Other Notifiable,0,2013,11
E01003752,Redbridge,Other Notifiable Offences,Other Notifiable,0,2010,11
E01002614,Hounslow,Other Notifiable Offences,Other Notifiable,0,2015,11
E01001339,Ealing,Other Notifiable Offences,Other Notifiable,0,2010,12
E01004179,Sutton,Other Notifiable Offences,Other Notifiable,0,2013,12
E01001258,Ealing,Other Notifiable Offences,Other Notifiable,0,2010,12
E01002636,Hounslow,Sexual Offences,Other Sexual,0,2016,4
E01002907,Kensington and Chelsea,Sexual Offences,Other Sexual,0,2012,5
E01003096,Lambeth,Sexual Offences,Other Sexual,0,2012,7
E01001871,Hammersmith and Fulham,Sexual Offences,Other Sexual,0,2014,8
E01001043,Croydon,Sexual Offences,Other Sexual,0,2010,8
E01002991,Kingston upon Thames,Sexual Offences,Other Sexual,0,2008,10
E01004409,Waltham Forest,Sexual Offences,Other Sexual,0,2013,12
E01002744,Islington,Theft and Handling,Other Theft,0,2012,1
E01002819,Kensington and Chelsea,Theft and Handling,Other Theft,23,2016,1
E01002346,Havering,Theft and Handling,Other Theft,1,2008,1
E01001636,Greenwich,Theft and Handling,Other Theft,0,2016,1
E01003086,Lambeth,Theft and Handling,Other Theft,1,2013,1
E01004460,Waltham Forest,Theft and Handling,Other Theft,1,2016,1
E01002587,Hounslow,Theft and Handling,Other Theft,0,2015,2
E01003708,Redbridge,Theft and Handling,Other Theft,1,2015,3
E01003382,Merton,Theft and Handling,Other Theft,0,2009,3
E01001462,Enfield,Theft and Handling,Other Theft,0,2010,4
E01000347,Bexley,Theft and Handling,Other Theft,0,2013,4
E01002022,Haringey,Theft and Handling,Other Theft,6,2016,5
E01001161,Croydon,Theft and Handling,Other Theft,0,2013,5
E01003200,Lewisham,Theft and Handling,Other Theft,1,2014,5
E01004755,Westminster,Theft and Handling,Other Theft,0,2011,5
E01004340,Waltham Forest,Theft and Handling,Other Theft,1,2016,6
E01003153,Lambeth,Theft and Handling,Other Theft,0,2013,6
E01002146,Harrow,Theft and Handling,Other Theft,0,2013,6
E01002745,Islington,Theft and Handling,Other Theft,3,2016,7
E01001679,Greenwich,Theft and Handling,Other Theft,1,2009,8
E01003034,Lambeth,Theft and Handling,Other Theft,3,2011,8
E01003788,Redbridge,Theft and Handling,Other Theft,4,2012,8
E01000538,Brent,Theft and Handling,Other Theft,2,2012,8
E01003979,Southwark,Theft and Handling,Other Theft,5,2008,9
E01003346,Lewisham,Theft and Handling,Other Theft,1,2015,9
E01002097,Haringey,Theft and Handling,Other Theft,2,2013,10
E01004318,Tower Hamlets,Theft and Handling,Other Theft,1,2012,10
E01004395,Waltham Forest,Theft and Handling,Other Theft,1,2016,10
E01000693,Bromley,Theft and Handling,Other Theft,4,2013,10
E01000928,Camden,Theft and Handling,Other Theft,2,2014,10
E01001777,Hackney,Theft and Handling,Other Theft,0,2016,11
E01004705,Westminster,Theft and Handling,Other Theft,3,2013,11
E01003607,Newham,Theft and Handling,Other Theft,2,2008,11
E01003251,Lewisham,Theft and Handling,Other Theft,2,2010,12
E01001051,Croydon,Theft and Handling,Other Theft,0,2016,12
E01033736,Greenwich,Theft and Handling,Other Theft,0,2015,12
E01001364,Ealing,Theft and Handling,Other Theft,2,2010,12
E01003974,Southwark,Theft and Handling,Other Theft Person,0,2014,2
E01002437,Hillingdon,Theft and Handling,Other Theft Person,0,2009,2
E01003338,Lewisham,Theft and Handling,Other Theft Person,1,2009,2
E01001926,Hammersmith and Fulham,Theft and Handling,Other Theft Person,0,2015,2
E01001831,Hackney,Theft and Handling,Other Theft Person,2,2012,2
E01001151,Croydon,Theft and Handling,Other Theft Person,0,2014,2
E01003953,Southwark,Theft and Handling,Other Theft Person,0,2008,3
E01000580,Brent,Theft and Handling,Other Theft Person,1,2016,3
E01003364,Merton,Theft and Handling,Other Theft Person,0,2008,4
E01002469,Hillingdon,Theft and Handling,Other Theft Person,0,2011,4
E01000533,Brent,Theft and Handling,Other Theft Person,3,2010,5
E01001666,Greenwich,Theft and Handling,Other Theft Person,0,2014,5
E01004599,Wandsworth,Theft and Handling,Other Theft Person,0,2009,5
E01003741,Redbridge,Theft and Handling,Other Theft Person,0,2016,5
E01002297,Havering,Theft and Handling,Other Theft Person,0,2016,6
E01000239,Barnet,Theft and Handling,Other Theft Person,0,2009,7
E01003469,Merton,Theft and Handling,Other Theft Person,1,2013,7
E01004348,Waltham Forest,Theft and Handling,Other Theft Person,1,2013,8
E01004422,Waltham Forest,Theft and Handling,Other Theft Person,0,2009,8
E01000934,Camden,Theft and Handling,Other Theft Person,0,2012,8
E01001894,Hammersmith and Fulham,Theft and Handling,Other Theft Person,2,2008,8
E01000248,Barnet,Theft and Handling,Other Theft Person,0,2015,8
E01003272,Lewisham,Theft and Handling,Other Theft Person,0,2009,9
E01004201,Tower Hamlets,Theft and Handling,Other Theft Person,0,2011,9
E01001624,Greenwich,Theft and Handling,Other Theft Person,1,2008,9
E01004018,Southwark,Theft and Handling,Other Theft Person,0,2011,9
E01000212,Barnet,Theft and Handling,Other Theft Person,0,2015,9
E01000421,Bexley,Theft and Handling,Other Theft Person,0,2015,10
E01003265,Lewisham,Theft and Handling,Other Theft Person,1,2009,11
E01001963,Haringey,Theft and Handling,Other Theft Person,0,2011,11
E01004142,Sutton,Theft and Handling,Other Theft Person,6,2016,12
E01003395,Merton,Theft and Handling,Other Theft Person,0,2010,12
E01001632,Greenwich,Theft and Handling,Other Theft Person,0,2011,12
E01000913,Camden,Theft and Handling,Other Theft Person,0,2013,12
E01001083,Croydon,Violence Against the Person,Other violence,0,2015,1
E01004252,Tower Hamlets,Violence Against the Person,Other violence,0,2013,1
E01001195,Ealing,Violence Against the Person,Other violence,0,2013,2
E01001201,Ealing,Violence Against the Person,Other violence,0,2010,2
E01004343,Waltham Forest,Violence Against the Person,Other violence,0,2010,2
E01001683,Greenwich,Violence Against the Person,Other violence,0,2016,3
E01000243,Barnet,Violence Against the Person,Other violence,0,2010,3
E01003515,Newham,Violence Against the Person,Other violence,0,2009,3
E01004659,Westminster,Violence Against the Person,Other violence,0,2015,3
E01000800,Bromley,Violence Against the Person,Other violence,0,2015,3
E01001756,Hackney,Violence Against the Person,Other violence,1,2015,3
E01003398,Merton,Violence Against the Person,Other violence,1,2015,4
E01001276,Ealing,Violence Against the Person,Other violence,0,2009,4
E01000151,Barnet,Violence Against the Person,Other violence,2,2016,4
E01004621,Wandsworth,Violence Against the Person,Other violence,0,2015,5
E01000324,Barnet,Violence Against the Person,Other violence,0,2008,5
E01001087,Croydon,Violence Against the Person,Other violence,0,2009,6
E01001576,Greenwich,Violence Against the Person,Other violence,0,2013,7
E01001874,Hammersmith and Fulham,Violence Against the Person,Other violence,0,2010,7
E01002559,Hounslow,Violence Against the Person,Other violence,0,2011,8
E01004706,Westminster,Violence Against the Person,Other violence,0,2008,8
E01004081,Sutton,Violence Against the Person,Other violence,0,2016,8
E01000435,Bexley,Violence Against the Person,Other violence,0,2013,9
E01001850,Hackney,Violence Against the Person,Other violence,0,2013,9
E01001503,Enfield,Violence Against the Person,Other violence,0,2011,9
E01001502,Enfield,Violence Against the Person,Other violence,0,2015,10
E01001479,Enfield,Violence Against the Person,Other violence,0,2013,10
E01000935,Camden,Violence Against the Person,Other violence,1,2016,10
E01002795,Islington,Violence Against the Person,Other violence,0,2009,10
E01003428,Merton,Violence Against the Person,Other violence,0,2008,10
E01003482,Newham,Violence Against the Person,Other violence,0,2010,11
E01000467,Bexley,Violence Against the Person,Other violence,0,2013,11
E01001049,Croydon,Violence Against the Person,Other violence,0,2013,11
E01033598,Westminster,Violence Against the Person,Other violence,0,2013,12
E01003244,Lewisham,Violence Against the Person,Other violence,0,2013,12
E01001003,Croydon,Robbery,Personal Property,0,2009,1
E01000344,Bexley,Robbery,Personal Property,0,2013,1
E01001918,Hammersmith and Fulham,Robbery,Personal Property,1,2009,1
E01000078,Barking and Dagenham,Robbery,Personal Property,0,2008,2
E01000961,Camden,Robbery,Personal Property,0,2016,2
E01032513,Westminster,Robbery,Personal Property,0,2012,2
E01000578,Brent,Robbery,Personal Property,5,2010,2
E01003343,Lewisham,Robbery,Personal Property,3,2008,3
E01000545,Brent,Robbery,Personal Property,0,2015,3
E01004407,Waltham Forest,Robbery,Personal Property,0,2015,3
E01004736,Westminster,Robbery,Personal Property,6,2008,3
E01033490,Islington,Robbery,Personal Property,1,2015,3
E01000175,Barnet,Robbery,Personal Property,0,2016,4
E01002619,Hounslow,Robbery,Personal Property,1,2010,4
E01033700,Hackney,Robbery,Personal Property,1,2014,4
E01000721,Bromley,Robbery,Personal Property,0,2009,4
E01003146,Lambeth,Robbery,Personal Property,1,2012,5
E01001402,Enfield,Robbery,Personal Property,1,2008,5
E01032646,Southwark,Robbery,Personal Property,0,2013,6
E01004457,Waltham Forest,Robbery,Personal Property,2,2008,6
E01000097,Barking and Dagenham,Robbery,Personal Property,0,2015,7
E01001286,Ealing,Robbery,Personal Property,0,2016,7
E01000571,Brent,Robbery,Personal Property,0,2008,7
E01004552,Wandsworth,Robbery,Personal Property,1,2011,8
E01004067,Southwark,Robbery,Personal Property,1,2011,8
E01003256,Lewisham,Robbery,Personal Property,1,2015,8
E01000973,Camden,Robbery,Personal Property,0,2011,8
E01004262,Tower Hamlets,Robbery,Personal Property,2,2011,8
E01001264,Ealing,Robbery,Personal Property,0,2015,9
E01004608,Wandsworth,Robbery,Personal Property,0,2009,10
E01000544,Brent,Robbery,Personal Property,0,2012,10
E01002672,Hounslow,Robbery,Personal Property,0,2016,10
E01002412,Hillingdon,Robbery,Personal Property,0,2014,10
E01001003,Croydon,Robbery,Personal Property,0,2012,10
E01001259,Ealing,Robbery,Personal Property,0,2014,11
E01000265,Barnet,Robbery,Personal Property,0,2008,11
E01001672,Greenwich,Robbery,Personal Property,0,2014,11
E01001655,Greenwich,Robbery,Personal Property,0,2013,11
E01004445,Waltham Forest,Robbery,Personal Property,1,2014,12
E01000422,Bexley,Robbery,Personal Property,1,2013,12
E01000387,Bexley,Robbery,Personal Property,1,2015,12
E01003741,Redbridge,Robbery,Personal Property,0,2010,12
E01003492,Newham,Robbery,Personal Property,2,2012,12
E01001827,Hackney,Robbery,Personal Property,0,2011,12
E01000133,Barnet,Drugs,Possession Of Drugs,0,2015,1
E01004687,Westminster,Drugs,Possession Of Drugs,3,2010,1
E01003253,Lewisham,Drugs,Possession Of Drugs,2,2009,1
E01004330,Waltham Forest,Drugs,Possession Of Drugs,0,2008,2
E01002970,Kingston upon Thames,Drugs,Possession Of Drugs,2,2011,2
E01004496,Wandsworth,Drugs,Possession Of Drugs,0,2014,2
E01003699,Redbridge,Drugs,Possession Of Drugs,1,2010,3
E01002112,Harrow,Drugs,Possession Of Drugs,0,2015,3
E01004065,Southwark,Drugs,Possession Of Drugs,1,2008,3
E01004305,Tower Hamlets,Drugs,Possession Of Drugs,1,2011,3
E01004163,Sutton,Drugs,Possession Of Drugs,0,2008,3
E01004038,Southwark,Drugs,Possession Of Drugs,0,2016,3
E01004525,Wandsworth,Drugs,Possession Of Drugs,3,2016,3
E01000749,Bromley,Drugs,Possession Of Drugs,0,2010,4
E01000990,Croydon,Drugs,Possession Of Drugs,0,2016,4
E01002437,Hillingdon,Drugs,Possession Of Drugs,0,2011,4
E01000042,Barking and Dagenham,Drugs,Possession Of Drugs,2,2012,4
E01000683,Bromley,Drugs,Possession Of Drugs,0,2008,5
E01001146,Croydon,Drugs,Possession Of Drugs,0,2011,5
E01004407,Waltham Forest,Drugs,Possession Of Drugs,0,2011,5
E01003988,Southwark,Drugs,Possession Of Drugs,1,2013,5
E01002249,Havering,Drugs,Possession Of Drugs,1,2013,5
E01001486,Enfield,Drugs,Possession Of Drugs,0,2010,5
E01000436,Bexley,Drugs,Possession Of Drugs,0,2012,6
E01002468,Hillingdon,Drugs,Possession Of Drugs,0,2010,6
E01003864,Richmond upon Thames,Drugs,Possession Of Drugs,0,2012,7
E01000023,Barking and Dagenham,Drugs,Possession Of Drugs,1,2011,7
E01003431,Merton,Drugs,Possession Of Drugs,1,2010,7
E01001672,Greenwich,Drugs,Possession Of Drugs,0,2012,7
E01001734,Hackney,Drugs,Possession Of Drugs,6,2010,8
E01003024,Lambeth,Drugs,Possession Of Drugs,1,2014,8
E01003531,Newham,Drugs,Possession Of Drugs,1,2014,8
E01001944,Hammersmith and Fulham,Drugs,Possession Of Drugs,0,2011,8
E01004613,Wandsworth,Drugs,Possession Of Drugs,0,2015,8
E01000342,Bexley,Drugs,Possession Of Drugs,0,2014,8
E01003428,Merton,Drugs,Possession Of Drugs,0,2011,8
E01003831,Richmond upon Thames,Drugs,Possession Of Drugs,0,2010,9
E01003741,Redbridge,Drugs,Possession Of Drugs,0,2015,9
E01002039,Haringey,Drugs,Possession Of Drugs,2,2013,10
E01000564,Brent,Drugs,Possession Of Drugs,2,2012,10
E01000458,Bexley,Drugs,Possession Of Drugs,0,2014,11
E01002539,Hillingdon,Drugs,Possession Of Drugs,0,2012,11
E01001447,Enfield,Drugs,Possession Of Drugs,0,2016,11
E01003255,Lewisham,Drugs,Possession Of Drugs,0,2016,12
E01002446,Hillingdon,Drugs,Possession Of Drugs,0,2013,12
E01004526,Wandsworth,Drugs,Possession Of Drugs,0,2009,12
E01001309,Ealing,Sexual Offences,Rape,0,2016,1
E01000688,Bromley,Theft and Handling,Theft From Motor Vehicle,0,2011,1
E01002794,Islington,Theft and Handling,Theft From Motor Vehicle,1,2012,1
E01003992,Southwark,Theft and Handling,Theft From Motor Vehicle,2,2011,1
E01002719,Islington,Theft and Handling,Theft From Motor Vehicle,2,2015,1
E01000369,Bexley,Theft and Handling,Theft From Motor Vehicle,2,2008,2
E01000388,Bexley,Theft and Handling,Theft From Motor Vehicle,0,2016,2
E01000101,Barking and Dagenham,Theft and Handling,Theft From Motor Vehicle,0,2014,2
E01002509,Hillingdon,Theft and Handling,Theft From Motor Vehicle,0,2014,3
E01001028,Croydon,Theft and Handling,Theft From Motor Vehicle,1,2012,3
E01004516,Wandsworth,Theft and Handling,Theft From Motor Vehicle,0,2014,3
E01000486,Brent,Theft and Handling,Theft From Motor Vehicle,0,2016,4
E01001539,Enfield,Theft and Handling,Theft From Motor Vehicle,0,2010,4
E01004750,Westminster,Theft and Handling,Theft From Motor Vehicle,2,2011,5
E01001852,Hammersmith and Fulham,Theft and Handling,Theft From Motor Vehicle,1,2009,5
E01003644,Redbridge,Theft and Handling,Theft From Motor Vehicle,3,2015,5
E01003544,Newham,Theft and Handling,Theft From Motor Vehicle,1,2015,6
E01002898,Kensington and Chelsea,Theft and Handling,Theft From Motor Vehicle,1,2013,6
E01003420,Merton,Theft and Handling,Theft From Motor Vehicle,1,2012,6
E01003900,Richmond upon Thames,Theft and Handling,Theft From Motor Vehicle,0,2016,6
E01003835,Richmond upon Thames,Theft and Handling,Theft From Motor Vehicle,0,2013,7
E01033742,Greenwich,Theft and Handling,Theft From Motor Vehicle,0,2008,7
E01003011,Kingston upon Thames,Theft and Handling,Theft From Motor Vehicle,0,2008,7
E01002521,Hillingdon,Theft and Handling,Theft From Motor Vehicle,0,2014,7
E01002592,Hounslow,Theft and Handling,Theft From Motor Vehicle,8,2011,7
E01004364,Waltham Forest,Theft and Handling,Theft From Motor Vehicle,2,2016,7
E01002198,Harrow,Theft and Handling,Theft From Motor Vehicle,0,2010,8
E01003467,Merton,Theft and Handling,Theft From Motor Vehicle,3,2014,8
E01003711,Redbridge,Theft and Handling,Theft From Motor Vehicle,1,2009,8
E01004373,Waltham Forest,Theft and Handling,Theft From Motor Vehicle,0,2010,9
E01001521,Enfield,Theft and Handling,Theft From Motor Vehicle,3,2014,9
E01004296,Tower Hamlets,Theft and Handling,Theft From Motor Vehicle,0,2013,9
E01001901,Hammersmith and Fulham,Theft and Handling,Theft From Motor Vehicle,5,2009,10
E01002511,Hillingdon,Theft and Handling,Theft From Motor Vehicle,0,2014,10
E01004329,Waltham Forest,Theft and Handling,Theft From Motor Vehicle,0,2014,10
E01002481,Hillingdon,Theft and Handling,Theft From Motor Vehicle,3,2011,10
E01001026,Croydon,Theft and Handling,Theft From Motor Vehicle,0,2010,11
E01004333,Waltham Forest,Theft and Handling,Theft From Motor Vehicle,0,2008,11
E01002419,Hillingdon,Theft and Handling,Theft From Motor Vehicle,3,2012,11
E01003413,Merton,Theft and Handling,Theft From Motor Vehicle,2,2008,11
E01002365,Havering,Theft and Handling,Theft From Motor Vehicle,0,2011,12
E01002228,Harrow,Theft and Handling,Theft From Motor Vehicle,0,2011,12
E01003733,Redbridge,Theft and Handling,Theft From Motor Vehicle,2,2012,12
E01004234,Tower Hamlets,Theft and Handling,Theft From Motor Vehicle,1,2016,12
E01004289,Tower Hamlets,Theft and Handling,Theft From Shops,0,2011,1
E01002465,Hillingdon,Theft and Handling,Theft From Shops,0,2016,1
E01003559,Newham,Theft and Handling,Theft From Shops,0,2008,1
E01004427,Waltham Forest,Theft and Handling,Theft From Shops,0,2016,1
E01000192,Barnet,Theft and Handling,Theft From Shops,0,2013,1
E01000953,Camden,Theft and Handling,Theft From Shops,0,2008,2
E01004418,Waltham Forest,Theft and Handling,Theft From Shops,0,2011,2
E01004508,Wandsworth,Theft and Handling,Theft From Shops,2,2015,2
E01000127,Barnet,Theft and Handling,Theft From Shops,0,2009,4
E01004157,Sutton,Theft and Handling,Theft From Shops,0,2013,4
E01002039,Haringey,Theft and Handling,Theft From Shops,0,2011,4
E01002169,Harrow,Theft and Handling,Theft From Shops,0,2010,4
E01003615,Newham,Theft and Handling,Theft From Shops,0,2011,6
E01004067,Southwark,Theft and Handling,Theft From Shops,10,2008,6
E01000441,Bexley,Theft and Handling,Theft From Shops,2,2011,6
E01002277,Havering,Theft and Handling,Theft From Shops,1,2008,7
E01002452,Hillingdon,Theft and Handling,Theft From Shops,1,2012,7
E01002065,Haringey,Theft and Handling,Theft From Shops,0,2014,8
E01003919,Southwark,Theft and Handling,Theft From Shops,0,2015,8
E01004615,Wandsworth,Theft and Handling,Theft From Shops,0,2013,9
E01000937,Camden,Theft and Handling,Theft From Shops,0,2015,9
E01001636,Greenwich,Theft and Handling,Theft From Shops,0,2010,9
E01002192,Harrow,Theft and Handling,Theft From Shops,0,2014,9
E01001510,Enfield,Theft and Handling,Theft From Shops,0,2011,11
E01002445,Hillingdon,Theft and Handling,Theft From Shops,0,2016,11
E01004541,Wandsworth,Theft and Handling,Theft From Shops,0,2016,11
E01000155,Barnet,Theft and Handling,Theft From Shops,0,2014,11
E01033000,Hounslow,Theft and Handling,Theft From Shops,2,2013,12
E01002964,Kingston upon Thames,Theft and Handling,Theft/Taking Of Motor Vehicle,1,2009,1
E01001974,Haringey,Theft and Handling,Theft/Taking Of Motor Vehicle,0,2016,2
E01004595,Wandsworth,Theft and Handling,Theft/Taking Of Motor Vehicle,0,2014,3
E01004636,Wandsworth,Theft and Handling,Theft/Taking Of Motor Vehicle,0,2016,3
E01002729,Islington,Theft and Handling,Theft/Taking Of Motor Vehicle,1,2011,3
E01001699,Greenwich,Theft and Handling,Theft/Taking Of Motor Vehicle,2,2009,3
E01001024,Croydon,Theft and Handling,Theft/Taking Of Motor Vehicle,0,2015,3
E01003641,Redbridge,Theft and Handling,Theft/Taking Of Motor Vehicle,0,2014,4
E01002280,Havering,Theft and Handling,Theft/Taking Of Motor Vehicle,0,2014,4
E01001253,Ealing,Theft and Handling,Theft/Taking Of Motor Vehicle,2,2016,4
E01003751,Redbridge,Theft and Handling,Theft/Taking Of Motor Vehicle,1,2015,4
E01004619,Wandsworth,Theft and Handling,Theft/Taking Of Motor Vehicle,3,2013,5
E01000334,Bexley,Theft and Handling,Theft/Taking Of Motor Vehicle,0,2010,6
E01002105,Haringey,Theft and Handling,Theft/Taking Of Motor Vehicle,0,2016,6
E01001625,Greenwich,Theft and Handling,Theft/Taking Of Motor Vehicle,0,2010,6
E01001012,Croydon,Theft and Handling,Theft/Taking Of Motor Vehicle,0,2012,6
E01004608,Wandsworth,Theft and Handling,Theft/Taking Of Motor Vehicle,0,2009,6
E01003153,Lambeth,Theft and Handling,Theft/Taking Of Motor Vehicle,0,2014,6
E01003776,Redbridge,Theft and Handling,Theft/Taking Of Motor Vehicle,0,2012,6
E01001306,Ealing,Theft and Handling,Theft/Taking Of Motor Vehicle,1,2009,7
E01001203,Ealing,Theft and Handling,Theft/Taking Of Motor Vehicle,0,2015,8
E01004740,Westminster,Theft and Handling,Theft/Taking Of Motor Vehicle,0,2008,9
E01001565,Enfield,Theft and Handling,Theft/Taking Of Motor Vehicle,0,2012,9
E01004248,Tower Hamlets,Theft and Handling,Theft/Taking Of Motor Vehicle,0,2008,10
E01000302,Barnet,Theft and Handling,Theft/Taking Of Motor Vehicle,0,2013,11
E01001328,Ealing,Theft and Handling,Theft/Taking Of Motor Vehicle,0,2013,11
E01003422,Merton,Theft and Handling,Theft/Taking Of Motor Vehicle,0,2012,11
E01001528,Enfield,Theft and Handling,Theft/Taking Of Motor Vehicle,2,2016,11
E01000965,Camden,Theft and Handling,Theft/Taking Of Motor Vehicle,0,2009,12
E01001018,Croydon,Theft and Handling,Theft/Taking of Pedal Cycle,0,2016,1
E01001851,Hammersmith and Fulham,Theft and Handling,Theft/Taking of Pedal Cycle,0,2016,1
E01000095,Barking and Dagenham,Theft and Handling,Theft/Taking of Pedal Cycle,0,2011,1
E01001487,Enfield,Theft and Handling,Theft/Taking of Pedal Cycle,0,2011,1
E01000919,Camden,Theft and Handling,Theft/Taking of Pedal Cycle,3,2012,2
E01004170,Sutton,Theft and Handling,Theft/Taking of Pedal Cycle,0,2014,2
E01002877,Kensington and Chelsea,Theft and Handling,Theft/Taking of Pedal Cycle,0,2013,3
E01002083,Haringey,Theft and Handling,Theft/Taking of Pedal Cycle,0,2009,3
E01001914,Hammersmith and Fulham,Theft and Handling,Theft/Taking of Pedal Cycle,0,2008,3
E01000556,Brent,Theft and Handling,Theft/Taking of Pedal Cycle,0,2011,3
E01001617,Greenwich,Theft and Handling,Theft/Taking of Pedal Cycle,0,2016,3
E01000900,Camden,Theft and Handling,Theft/Taking of Pedal Cycle,0,2008,3
E01000245,Barnet,Theft and Handling,Theft/Taking of Pedal Cycle,0,2011,4
E01001781,Hackney,Theft and Handling,Theft/Taking of Pedal Cycle,0,2010,4
E01000375,Bexley,Theft and Handling,Theft/Taking of Pedal Cycle,0,2010,4
E01001855,Hammersmith and Fulham,Theft and Handling,Theft/Taking of Pedal Cycle,2,2011,5
E01004393,Waltham Forest,Theft and Handling,Theft/Taking of Pedal Cycle,0,2009,6
E01003195,Lewisham,Theft and Handling,Theft/Taking of Pedal Cycle,0,2008,6
E01003124,Lambeth,Theft and Handling,Theft/Taking of Pedal Cycle,0,2012,6
E01004585,Wandsworth,Theft and Handling,Theft/Taking of Pedal Cycle,0,2014,6
E01002337,Havering,Theft and Handling,Theft/Taking of Pedal Cycle,0,2014,6
E01001397,Enfield,Theft and Handling,Theft/Taking of Pedal Cycle,0,2009,8
E01001907,Hammersmith and Fulham,Theft and Handling,Theft/Taking of Pedal Cycle,0,2010,8
E01003066,Lambeth,Theft and Handling,Theft/Taking of Pedal Cycle,2,2009,9
E01003195,Lewisham,Theft and Handling,Theft/Taking of Pedal Cycle,1,2009,9
E01002213,Harrow,Theft and Handling,Theft/Taking of Pedal Cycle,0,2014,9
E01001351,Ealing,Theft and Handling,Theft/Taking of Pedal Cycle,0,2009,9
E01000768,Bromley,Theft and Handling,Theft/Taking of Pedal Cycle,0,2012,9
E01003939,Southwark,Theft and Handling,Theft/Taking of Pedal Cycle,5,2014,9
E01002833,Kensington and Chelsea,Theft and Handling,Theft/Taking of Pedal Cycle,1,2013,9
E01003350,Lewisham,Theft and Handling,Theft/Taking of Pedal Cycle,0,2011,9
E01001664,Greenwich,Theft and Handling,Theft/Taking of Pedal Cycle,1,2015,9
E01001726,Hackney,Theft and Handling,Theft/Taking of Pedal Cycle,0,2015,10
E01003475,Merton,Theft and Handling,Theft/Taking of Pedal Cycle,1,2010,10
E01001123,Croydon,Theft and Handling,Theft/Taking of Pedal Cycle,0,2014,10
E01001257,Ealing,Theft and Handling,Theft/Taking of Pedal Cycle,0,2008,10
E01004443,Waltham Forest,Theft and Handling,Theft/Taking of Pedal Cycle,0,2015,10
E01001637,Greenwich,Theft and Handling,Theft/Taking of Pedal Cycle,0,2009,11
E01001358,Ealing,Theft and Handling,Theft/Taking of Pedal Cycle,0,2009,11
E01002308,Havering,Theft and Handling,Theft/Taking of Pedal Cycle,0,2016,12
E01001358,Ealing,Theft and Handling,Theft/Taking of Pedal Cycle,0,2011,12
E01002749,Islington,Theft and Handling,Theft/Taking of Pedal Cycle,0,2011,12
E01004641,Wandsworth,Theft and Handling,Theft/Taking of Pedal Cycle,0,2012,12
E01002186,Harrow,Theft and Handling,Theft/Taking of Pedal Cycle,0,2014,12
E01000889,Camden,Theft and Handling,Theft/Taking of Pedal Cycle,0,2015,12
E01000061,Barking and Dagenham,Violence Against the Person,Wounding/GBH,0,2008,1
E01002710,Islington,Violence Against the Person,Wounding/GBH,2,2010,1
E01004734,Westminster,Violence Against the Person,Wounding/GBH,3,2013,2
E01002788,Islington,Violence Against the Person,Wounding/GBH,0,2014,2
E01000740,Bromley,Violence Against the Person,Wounding/GBH,0,2014,2
E01033093,Wandsworth,Violence Against the Person,Wounding/GBH,0,2013,3
E01001783,Hackney,Violence Against the Person,Wounding/GBH,0,2009,3
E01004474,Wandsworth,Violence Against the Person,Wounding/GBH,0,2016,4
E01000853,Camden,Violence Against the Person,Wounding/GBH,0,2012,5
E01032742,Havering,Violence Against the Person,Wounding/GBH,0,2015,5
E01000725,Bromley,Violence Against the Person,Wounding/GBH,2,2014,5
E01001274,Ealing,Violence Against the Person,Wounding/GBH,0,2012,5
E01004028,Southwark,Violence Against the Person,Wounding/GBH,2,2014,6
E01001713,Greenwich,Violence Against the Person,Wounding/GBH,0,2010,6
E01001116,Croydon,Violence Against the Person,Wounding/GBH,0,2010,6
E01002695,Islington,Violence Against the Person,Wounding/GBH,0,2012,6
E01002848,Kensington and Chelsea,Violence Against the Person,Wounding/GBH,0,2013,7
E01000827,Bromley,Violence Against the Person,Wounding/GBH,0,2013,7
E01003565,Newham,Violence Against the Person,Wounding/GBH,0,2012,8
E01001912,Hammersmith and Fulham,Violence Against the Person,Wounding/GBH,0,2015,8
E01000840,Bromley,Violence Against the Person,Wounding/GBH,0,2011,8
E01003300,Lewisham,Violence Against the Person,Wounding/GBH,0,2015,8
E01033700,Hackney,Violence Against the Person,Wounding/GBH,1,2016,8
E01000241,Barnet,Violence Against the Person,Wounding/GBH,0,2010,9
E01001170,Croydon,Violence Against the Person,Wounding/GBH,1,2013,9
E01000703,Bromley,Violence Against the Person,Wounding/GBH,0,2008,9
E01001077,Croydon,Violence Against the Person,Wounding/GBH,0,2010,9
E01000357,Bexley,Violence Against the Person,Wounding/GBH,0,2011,10
E01002096,Haringey,Violence Against the Person,Wounding/GBH,0,2011,11
E01002929,Kingston upon Thames,Violence Against the Person,Wounding/GBH,0,2014,11
E01000978,Croydon,Violence Against the Person,Wounding/GBH,0,2008,12
E01002292,Havering,Violence Against the Person,Wounding/GBH,0,2008,12
E01000590,Brent,Violence Against the Person,Wounding/GBH,0,2014,12
E01003244,Lewisham,Violence Against the Person,Wounding/GBH,1,2013,12
